timestamp,aqi_numeric,pm2_5,pm10,no2,o3,temperature,humidity,pressure,wind_speed,hour_sin,hour_cos,day_sin,day_cos,is_weekend,is_morning_rush,is_evening_rush,pm2_5_lag_1h,aqi_numeric_lag_1h,pm2_5_lag_3h,aqi_numeric_lag_3h,pm2_5_lag_6h,aqi_numeric_lag_6h,pm2_5_lag_12h,aqi_numeric_lag_12h,pm2_5_lag_24h,aqi_numeric_lag_24h,pm2_5_rolling_mean_3h,pm2_5_rolling_std_3h,aqi_rolling_mean_3h,pm2_5_rolling_mean_6h,pm2_5_rolling_std_6h,aqi_rolling_mean_6h,pm2_5_rolling_mean_12h,pm2_5_rolling_std_12h,aqi_rolling_mean_12h,pm2_5_rolling_mean_24h,pm2_5_rolling_std_24h,aqi_rolling_mean_24h,pm2_5_pm10_ratio,temperature_humidity_interaction,aqi_change_1h,pm2_5_change_3h
2025-08-08 15:48:36.996530000,152,29.230525509304492,87.16266586523186,59.00124885707921,53.877675384649486,34.17404814815693,57.60714953901432,1016.7716511740525,8.471937248409658,-0.7071067811865471,-0.7071067811865479,-0.6016240632249227,-0.7987793728863648,0,0,0,29.230525509304492,152.0,29.230525509304492,152.0,29.230525509304492,152.0,29.230525509304492,152.0,29.230525509304492,152.0,29.230525509304492,14.182097268519419,152.0,29.230525509304492,14.182097268519419,152.0,29.230525509304492,14.182097268519419,152.0,29.230525509304492,14.182097268519419,152.0,0.3353560252407123,19.686695020243516,-10.0,48.789321167932776
2025-08-08 16:49:13.360166363,142,49.28703980933908,53.90779272795317,51.141342613814984,65.48162269999666,16.157277955154147,65.08596635694923,1004.1015512029892,5.7585923295145225,-0.8660254037844385,-0.5000000000000004,-0.6016240632249227,-0.7987793728863648,0,0,0,29.230525509304492,152.0,29.230525509304492,152.0,29.230525509304492,152.0,29.230525509304492,152.0,29.230525509304492,152.0,39.25878265932178,14.182097268519419,147.0,39.25878265932178,14.182097268519419,147.0,39.25878265932178,14.182097268519419,147.0,39.25878265932178,14.182097268519419,147.0,0.9142841211062573,10.516120494090403,-10.0,48.789321167932776
2025-08-08 17:49:49.723802727,64,36.80488123276529,149.51298096853017,52.32225400714214,66.07396602064676,22.8904359721626,54.018029334616884,1019.3598813300847,12.29900526305309,-0.9659258262890683,-0.25881904510252063,-0.6016240632249227,-0.7987793728863648,0,0,1,49.28703980933908,142.0,29.230525509304492,152.0,29.230525509304492,152.0,29.230525509304492,152.0,29.230525509304492,152.0,38.440815517136286,10.1278404511504,119.33333333333333,38.440815517136286,10.1278404511504,119.33333333333333,38.440815517136286,10.1278404511504,119.33333333333333,38.440815517136286,10.1278404511504,119.33333333333333,0.24616512056800569,12.364962418264488,-78.0,48.789321167932776
2025-08-08 18:50:26.087439090,156,78.01984667723727,145.50451566754316,18.76382482837252,78.53182042397123,17.135121318717687,71.8600544218159,1014.219049576735,18.237048176859293,-1.0,-1.8369701987210297e-16,-0.6016240632249227,-0.7987793728863648,0,0,1,36.80488123276529,64.0,29.230525509304492,152.0,29.230525509304492,152.0,29.230525509304492,152.0,29.230525509304492,152.0,54.70392257311388,21.13469442184143,120.66666666666667,48.33557330716153,21.44777443844388,128.5,48.33557330716153,21.44777443844388,128.5,48.33557330716153,21.44777443844388,128.5,0.5362022325087088,12.313307504874707,92.0,48.789321167932776
2025-08-08 19:51:02.451075454,121,69.42396769862587,92.57814896892269,7.135910393618277,30.21517835379725,21.713201295939264,40.804036340957914,1003.9901385467664,2.7823238828612373,-0.9659258262890684,0.2588190451025203,-0.6016240632249227,-0.7987793728863648,0,0,1,78.01984667723727,156.0,49.28703980933908,142.0,29.230525509304492,152.0,29.230525509304492,152.0,29.230525509304492,152.0,61.41623186954282,21.743072896408645,113.66666666666667,52.553252185454404,20.831450906592273,127.0,52.553252185454404,20.831450906592273,127.0,52.553252185454404,20.831450906592273,127.0,0.7498958201468772,8.859862547580402,-35.0,20.136927889286795
2025-08-08 20:51:38.814711818,70,60.521066481541126,134.74272461461416,21.679603307027257,40.001315937288375,18.39359807791131,71.79008797362474,1014.7249436739697,2.01589206031773,-0.8660254037844386,0.5000000000000001,-0.6016240632249227,-0.7987793728863648,0,0,0,69.42396769862587,121.0,36.80488123276529,64.0,29.230525509304492,152.0,29.230525509304492,152.0,29.230525509304492,152.0,69.3216269524681,8.749838987407992,115.66666666666667,53.88122123480218,18.914028874757626,117.5,53.88122123480218,18.914028874757626,117.5,53.88122123480218,18.914028874757626,117.5,0.4491601769630303,13.204780241647478,-51.0,23.716185248775837
2025-08-08 21:52:15.178348181,152,26.518944382426902,44.53192408437932,34.539533495816045,66.44352098751278,27.936967233374475,54.69967286145169,1010.5968004636223,5.120310637073244,-0.7071067811865477,0.7071067811865474,-0.6016240632249227,-0.7987793728863648,0,0,0,60.521066481541126,70.0,78.01984667723727,156.0,29.230525509304492,152.0,29.230525509304492,152.0,29.230525509304492,152.0,52.154659520864634,22.643052588258417,114.33333333333333,53.429291046989256,19.63931969698975,117.5,49.972324541605715,20.126435031301835,122.42857142857143,49.972324541605715,20.126435031301835,122.42857142857143,0.5955041092918995,15.281429684066788,82.0,-51.500902294810366
2025-08-08 22:52:51.541984545,171,27.924782593292676,56.25327583698365,22.96581829878225,89.36932857677776,22.765367679797443,82.45905629126503,1014.1446019128889,14.521911721248015,-0.5000000000000004,0.8660254037844384,-0.6016240632249227,-0.7987793728863648,0,0,0,26.518944382426902,152.0,69.42396769862587,121.0,49.28703980933908,142.0,29.230525509304492,152.0,29.230525509304492,152.0,38.3215978190869,19.23814964959593,131.0,49.86891484431485,22.29698824830068,122.33333333333333,47.216381798066585,20.198205949795845,128.5,47.216381798066585,20.198205949795845,128.5,0.4964116610347144,18.77210734999763,19.0,-41.4991851053332
2025-08-08 23:53:27.905620909,124,12.830351267690194,111.04651789646027,50.532795208317374,64.94933537150189,19.587894914098992,60.91416329185265,1015.3555900288568,11.859258105176432,-0.25881904510252157,0.9659258262890681,-0.6016240632249227,-0.7987793728863648,0,0,0,27.924782593292676,171.0,60.521066481541126,70.0,36.80488123276529,64.0,29.230525509304492,152.0,29.230525509304492,152.0,22.42469274780326,8.338623183508547,149.0,45.87315985013567,26.799881695631477,132.33333333333334,43.395711739135876,22.098625758957468,128.0,43.395711739135876,22.098625758957468,128.0,0.11554032846048248,11.93180229341076,-47.0,-47.690715213850936
2025-08-09 00:54:04.269257272,137,59.74640227800512,130.06594849097976,19.934860370085804,39.08774878322721,20.31875849928478,88.38662095620626,1001.7458035917936,2.044253284503992,0.0,1.0,-0.6152845999633277,-0.7883050558305253,1,0,0,12.830351267690194,124.0,26.518944382426902,152.0,78.01984667723727,156.0,29.230525509304492,152.0,29.230525509304492,152.0,33.500512046329334,23.949854483915207,144.0,42.82758578359699,23.214532291791997,129.16666666666666,45.0307807930228,21.466782236913925,128.9,45.0307807930228,21.466782236913925,128.9,0.4593546774680533,17.95906405776978,13.0,33.22745789557822
2025-08-09 01:54:40.632893636,166,17.76235745682819,131.32215794415202,58.08885067149234,74.38758239201967,22.206901904105365,66.11612373245761,1010.1220791271869,18.37501044521493,0.25881904510252074,0.9659258262890683,-0.6152845999633277,-0.7883050558305253,1,0,0,59.74640227800512,137.0,27.924782593292676,171.0,69.42396769862587,121.0,29.230525509304492,152.0,29.230525509304492,152.0,30.11303700084117,25.781455050089654,142.33333333333334,34.21731740996404,20.83578824494212,136.66666666666666,42.55183321700511,21.962182441129542,132.27272727272728,42.55183321700511,21.962182441129542,132.27272727272728,0.1352578848812718,14.682342740063788,29.0,-10.162425136464485
2025-08-09 02:55:16.996530000,149,40.75355513060391,72.58605652588471,30.14958388875507,79.19270083578996,20.198997257085253,43.43094395437923,1018.6402868451387,15.801692742481734,0.49999999999999994,0.8660254037844387,-0.6152845999633277,-0.7883050558305253,1,0,0,17.76235745682819,166.0,12.830351267690194,124.0,60.521066481541126,70.0,29.230525509304492,152.0,29.230525509304492,152.0,39.420771621812406,21.023730373024385,150.66666666666666,30.92273218480783,17.066691515496835,149.83333333333334,42.40197670980501,20.94655297347734,133.66666666666666,42.40197670980501,20.94655297347734,133.66666666666666,0.5614515586009186,8.772615178071295,-17.0,27.923203862913713
2025-08-09 03:55:53.360166363,153,24.120344163477732,135.41011283892476,51.311269125658974,39.05889219231835,24.06481693657662,79.30743821066696,1006.4128438431903,0.46045209575275026,0.7071067811865476,0.7071067811865476,-0.6152845999633277,-0.7883050558305253,1,0,0,40.75355513060391,149.0,59.74640227800512,137.0,26.518944382426902,152.0,29.230525509304492,152.0,29.230525509304492,152.0,27.545418916969947,11.872116299081416,156.0,30.52296548164964,17.217897965246923,150.0,41.97612826431945,21.28784052250382,133.75,40.99569728316445,20.68584036847679,135.15384615384616,0.17812808422988077,19.08518982248562,4.0,-35.62605811452739
2025-08-09 04:56:29.723802727,180,72.70345169714636,130.62069833977665,15.690901869718017,50.21831089410359,15.646319022193008,50.7049576693432,1011.877661951158,13.027344219764922,0.8660254037844386,0.5000000000000001,-0.6152845999633277,-0.7883050558305253,1,0,0,24.120344163477732,153.0,17.76235745682819,166.0,27.924782593292676,171.0,49.28703980933908,142.0,29.230525509304492,152.0,45.859116997076,24.690679534720847,160.66666666666666,37.98607699895859,24.1683045067042,151.5,43.92749592163673,23.02156823531375,136.91666666666666,43.26053688416316,21.60558441543637,138.35714285714286,0.5565997737313192,7.933459437013358,27.0,54.94109424031817
2025-08-09 05:57:06.087439090,199,43.275915622747824,141.6325492487232,27.62446477811732,62.746197882445074,20.595270143378915,50.85715286896101,1007.3846096301979,15.42493337039476,0.9659258262890683,0.25881904510252074,-0.6152845999633277,-0.7883050558305253,1,0,0,72.70345169714636,180.0,40.75355513060391,149.0,12.830351267690194,124.0,36.80488123276529,64.0,29.230525509304492,152.0,46.69990382779064,24.471868662368358,177.33333333333334,43.06033772480152,20.790468189821183,164.0,44.466748787468596,22.91510426291984,148.16666666666666,43.26156213340214,20.819662467865168,142.4,0.3055506347005,10.4741680205937,19.0,2.5223604921439176
2025-08-09 06:57:42.451075454,102,49.429290038346856,122.09428464481266,43.47317159219566,59.72489525464621,23.224134417443725,31.908280889109907,1009.085359444382,7.48870739440844,1.0,6.123233995736766e-17,-0.6152845999633277,-0.7883050558305253,1,0,0,43.275915622747824,199.0,24.120344163477732,153.0,59.74640227800512,137.0,78.01984667723727,156.0,29.230525509304492,152.0,55.13621911941368,15.521654212897262,160.33333333333334,41.340819018191816,19.522377793517293,158.16666666666666,42.08420240089439,20.464648337696655,143.66666666666666,43.64704512746118,20.172721097481723,139.875,0.40484523724675175,7.4104220439823925,-97.0,25.308945874869124
2025-08-09 07:58:18.814711818,51,58.68612604982893,106.96847311284972,12.609420082979074,51.169446897536275,27.05563764046597,62.922918552444514,1010.9720623587631,1.3784307873443757,0.9659258262890683,-0.25881904510252063,-0.6152845999633277,-0.7883050558305253,1,1,0,49.429290038346856,102.0,72.70345169714636,180.0,17.76235745682819,166.0,69.42396769862587,121.0,29.230525509304492,152.0,50.46377723697454,7.7570141919957205,117.33333333333333,48.16144711702527,16.561438307161392,139.0,41.18938226349465,19.36579180084857,137.83333333333334,44.53169694642399,19.869810253006612,134.64705882352942,0.5486301130921637,17.024196836354925,-51.0,-14.017325647317435
2025-08-09 08:58:55.178348181,137,19.753201808411298,95.48926078673911,12.30099822336334,43.810813960744866,20.4191528503026,62.06541022395138,1010.9784395977796,1.546421309775745,0.8660254037844387,-0.4999999999999998,-0.6152845999633277,-0.7883050558305253,1,1,0,58.68612604982893,51.0,43.275915622747824,199.0,40.75355513060391,149.0,60.521066481541126,70.0,29.230525509304492,152.0,42.6228726321957,20.33933715554809,96.66666666666667,44.66138822999317,20.248729632079694,137.0,37.7920602074005,19.241685488388573,143.41666666666666,43.15511388320106,20.141870227454003,134.77777777777777,0.2068630696143311,12.67323098079597,86.0,-23.522713814336527
2025-08-09 09:59:31.541984545,87,52.30921654944721,68.3967596530266,58.324527691278746,27.99879097294907,17.663702504474994,51.35948905631916,1004.0346092466048,2.08493932103619,0.7071067811865476,-0.7071067811865475,-0.6152845999633277,-0.7883050558305253,1,1,0,19.753201808411298,137.0,49.429290038346856,102.0,24.120344163477732,153.0,26.518944382426902,152.0,29.230525509304492,152.0,43.58284813589581,20.881936614302838,91.66666666666667,49.35953362765474,17.630511190326917,126.0,39.941249554652195,19.3082732489723,138.0,43.63690876037191,19.686714516630595,132.26315789473685,0.7647908475491886,9.071987354726609,-50.0,2.8799265111003507
2025-08-09 11:00:07.905620909,179,47.78887639111712,142.21734751951118,44.30273072989736,24.278823739789512,16.524007591983263,83.65303577375555,1013.6914309575967,16.80879263960846,0.258819045102521,-0.9659258262890682,-0.6152845999633277,-0.7883050558305253,1,0,0,52.30921654944721,87.0,58.68612604982893,51.0,72.70345169714636,180.0,27.924782593292676,171.0,29.230525509304492,152.0,39.950431582991875,17.636735432390992,134.33333333333334,45.2071044099832,13.477737696172388,125.83333333333333,41.5965907044709,19.033968418426742,138.66666666666666,43.844507141909176,19.184118988198854,134.6,0.33602705217472706,13.82283398217984,92.0,-10.897249658711807
2025-08-09 12:00:44.269257272,70,24.214285731433858,146.57629877819124,7.258713422233169,96.68331975065587,33.81063654270767,37.724903897978635,1001.7573622248532,18.213723965114262,1.2246467991473532e-16,-1.0,-0.6152845999633277,-0.7883050558305253,1,0,0,47.78887639111712,179.0,19.753201808411298,137.0,43.275915622747824,199.0,12.830351267690194,124.0,29.230525509304492,152.0,41.43745955733273,15.08597548269911,112.0,42.03016609476421,16.02908849947744,104.33333333333333,42.54525190978287,17.70736875156328,134.16666666666666,42.9097346937913,19.182770665643407,131.52380952380952,0.16519918819124568,12.755030143031314,-109.0,4.46108392302256
2025-08-09 13:01:20.632893636,107,75.99974993905867,56.90972671587054,26.9351495794637,87.77145152764719,23.332781154769584,49.80597079860932,1002.7764954688404,2.456215636914676,-0.2588190451025208,-0.9659258262890683,-0.6152845999633277,-0.7883050558305253,1,0,0,24.214285731433858,70.0,52.30921654944721,87.0,49.429290038346856,102.0,59.74640227800512,137.0,29.230525509304492,152.0,49.33430402053656,25.927299044021673,118.66666666666667,46.458576078216176,21.28933579120415,105.16666666666667,43.899697548203996,19.65698945250219,131.66666666666666,44.41382629584891,20.005656941764585,130.4090909090909,1.3354439212659326,11.621118168447959,37.0,23.690533389611467
2025-08-09 14:01:56.996530000,71,51.92058265419752,59.69730184477115,28.843640566940813,48.39241523701765,26.623252423616528,49.29496588080174,1000.0542179882866,4.718120691901624,-0.4999999999999997,-0.8660254037844388,-0.6152845999633277,-0.7883050558305253,1,0,0,75.99974993905867,107.0,47.78887639111712,179.0,58.68612604982893,51.0,17.76235745682819,166.0,29.230525509304492,152.0,50.71153944156335,25.913894244542057,82.66666666666667,45.33098551227761,20.6827022740001,108.5,46.74621631465144,17.924872509936026,123.75,44.74020700708146,19.608270325701586,127.82608695652173,0.8697307948602776,13.12392319858149,-36.0,4.131706263080396
2025-08-09 15:02:33.360166363,138,58.63494531277932,83.12978796620945,45.92234536495135,96.54407081011651,33.38353103671119,35.53743517372477,1002.3339212828337,3.3104102073457953,-0.7071067811865471,-0.7071067811865479,-0.6152845999633277,-0.7883050558305253,1,0,0,51.92058265419752,71.0,24.214285731433858,70.0,19.753201808411298,137.0,40.75355513060391,149.0,29.230525509304492,152.0,62.18509263534517,12.425950015673758,105.33333333333333,51.81127609633895,16.79093920912702,108.66666666666667,48.23633216316606,18.123556107233046,122.83333333333333,45.31915443648554,19.3858680746825,128.25,0.7053421648479491,11.863650700871526,67.0,34.42065958134546
2025-08-09 16:03:09.723802727,98,71.63274873106803,78.29513858821215,18.797329004066366,74.14159235394426,16.654968400706124,58.86872364337759,1009.4633240210378,3.7264175898824137,-0.8660254037844385,-0.5000000000000004,-0.6152845999633277,-0.7883050558305253,1,0,0,58.63494531277932,138.0,75.99974993905867,107.0,52.30921654944721,87.0,24.120344163477732,153.0,29.230525509304492,152.0,60.72942556601496,10.02160209292538,102.33333333333333,55.03186479327575,18.655229191883144,110.5,52.19569921046525,17.557149612640554,118.25,47.08591373739235,19.78396364746178,126.0,0.914906712061764,9.804567320703553,-40.0,-4.36700120799064
2025-08-09 17:03:46.087439090,108,53.70478336936553,149.2794701394067,15.138352088225352,58.601675971411396,32.533229718515855,71.26708302576498,1012.1220376211168,16.749815780049843,-0.9659258262890683,-0.25881904510252063,-0.6152845999633277,-0.7883050558305253,1,0,1,71.63274873106803,98.0,51.92058265419752,71.0,47.78887639111712,179.0,72.70345169714636,180.0,49.28703980933908,142.0,61.32415913773763,9.26158133095321,114.66666666666667,56.01784928965049,18.34968747721759,98.66666666666667,50.61247684981685,16.355201658387326,112.25,47.26998638572678,19.825840953004114,124.58333333333333,0.35976000557513077,23.185483834457543,10.0,1.7842007151680122
2025-08-09 18:04:22.451075454,64,30.69435800863998,42.8702828480549,9.448013163945872,59.442052621744395,26.0317574508814,60.69942081283567,1015.8857889993293,6.642928253098779,-1.0,-1.8369701987210297e-16,-0.6152845999633277,-0.7883050558305253,1,0,1,53.70478336936553,108.0,58.63494531277932,138.0,24.214285731433858,70.0,43.275915622747824,199.0,36.80488123276529,64.0,52.010630036357846,20.52170985498897,90.0,57.0978613358515,16.163967038422435,97.66666666666667,49.56401371530786,17.24722339274378,101.0,47.01538125138823,20.004508793947835,124.58333333333333,0.7159821501865946,15.801126000087203,-44.0,-27.940587304139342
2025-08-09 19:04:58.814711818,100,17.384598188118943,22.349797270017714,28.557296121705928,26.66275289562077,18.29668522274002,39.41866096297162,1002.1339850022687,6.228885280912824,-0.9659258262890684,0.2588190451025203,-0.6152845999633277,-0.7883050558305253,1,0,1,30.69435800863998,64.0,71.63274873106803,98.0,75.99974993905867,107.0,49.429290038346856,102.0,78.01984667723727,156.0,33.92791318870815,18.37473461650318,90.66666666666667,47.32866937736156,19.76668085460018,96.5,46.89362272778887,19.591414258753463,100.83333333333333,44.48891256434163,19.745843734342795,122.25,0.7778413915905633,7.212308315414018,36.0,-54.24815054294909
2025-08-09 20:05:35.178348181,157,41.95741993380372,84.2061829738465,42.86749454209515,27.336331780678485,23.225102331707383,52.63715791452435,1017.014549200329,4.5479124175422525,-0.8660254037844386,0.5000000000000001,-0.6152845999633277,-0.7883050558305253,1,0,0,17.384598188118943,100.0,53.70478336936553,108.0,51.92058265419752,71.0,58.68612604982893,51.0,69.42396769862587,121.0,30.012125376854215,12.300608649949183,107.0,45.668142257295926,19.72221544949849,110.83333333333333,45.49956388478677,19.268534883136116,109.66666666666667,43.344473074140716,19.020446216628436,123.75,0.49827005516406286,12.225033790150691,57.0,-11.747363435561809
2025-08-09 21:06:11.541984545,104,25.29083060517835,43.246952198772746,8.200647752964398,68.19527407208952,30.55204567470451,30.155701463018794,1014.9194905109744,12.157887875885173,-0.7071067811865477,0.7071067811865474,-0.6152845999633277,-0.7883050558305253,1,0,0,41.95741993380372,157.0,30.69435800863998,64.0,58.63494531277932,138.0,19.753201808411298,137.0,60.521066481541126,70.0,28.21094957570034,12.543971190886941,120.33333333333333,40.110789806029096,20.033076460016865,105.16666666666667,45.96103295118402,18.65232887769001,106.91666666666667,41.87654657929226,18.996639127331424,125.16666666666667,0.5848002861365977,9.213183684509039,-53.0,-5.403527403461631
2025-08-09 22:06:47.905620909,113,39.15569635092564,67.64094199577178,55.336755019456426,64.29624418766406,24.607401637327094,82.09806642213522,1008.1703658587184,7.586113967710977,-0.5000000000000004,0.8660254037844384,-0.6152845999633277,-0.7883050558305253,1,0,0,25.29083060517835,104.0,17.384598188118943,100.0,71.63274873106803,98.0,52.30921654944721,87.0,26.518944382426902,152.0,35.4679822966359,8.92430536075031,124.66666666666667,34.69794774267203,12.9468599751713,107.66666666666667,44.864906267973886,18.631835768027923,109.08333333333333,42.40307791131304,18.725658161028576,123.54166666666667,0.5788756722887978,20.202200940974386,9.0,21.771098162806695
2025-08-09 23:07:24.269257272,180,71.82961812432077,116.74216799735309,29.329372635210746,37.01823160193832,34.70572101331008,35.07102046084091,1018.6587613419991,14.884993036865776,-0.25881904510252157,0.9659258262890681,-0.6152845999633277,-0.7883050558305253,1,0,0,39.15569635092564,113.0,41.95741993380372,157.0,53.70478336936553,108.0,47.78887639111712,179.0,27.924782593292676,171.0,45.42538169347492,23.8944847539951,132.33333333333334,37.718753535164566,18.978174069488293,119.66666666666667,46.868301412407526,20.20121806388801,109.16666666666667,44.232446058439216,19.382801002246346,123.91666666666667,0.6152842519651094,12.171650517660344,67.0,29.872198190517054
2025-08-10 00:08:00.632893636,100,32.704151470369176,113.7221901527768,18.188304753657178,95.69556343053522,22.534779398758815,65.83668493532583,1019.8185895291479,4.11159616751275,0.0,1.0,-0.6287628145958345,-0.7775971469736268,1,0,0,71.82961812432077,180.0,25.29083060517835,104.0,30.69435800863998,64.0,24.214285731433858,70.0,12.830351267690194,124.0,47.89648864853853,20.976215643315548,131.0,38.05371911211943,18.846677928949244,125.66666666666667,47.57579022398547,19.471175796772368,111.66666666666667,45.06052106688418,18.381573286881807,122.91666666666667,0.28757932940663905,14.836151713631555,-80.0,7.413320865190826
2025-08-10 01:08:36.996530000,184,18.546156829047135,60.0479029408106,10.163030954471047,82.5036840376962,29.99156599952144,89.1754197520089,1004.1000362010648,15.755797774289848,0.25881904510252074,0.9659258262890683,-0.6287628145958345,-0.7775971469736268,1,0,0,32.704151470369176,100.0,39.15569635092564,113.0,17.384598188118943,100.0,75.99974993905867,107.0,59.74640227800512,137.0,41.026642141245695,27.599451083786988,154.66666666666666,38.2473122189408,18.596203384017127,139.66666666666666,42.78799079815118,18.901936901841427,118.08333333333333,43.34384417317759,18.86784743158425,124.875,0.3088560234729948,26.74510487027403,84.0,-20.609539521878503
2025-08-10 02:09:13.360166363,70,34.940848665388245,90.53022997213691,15.057629840901903,29.07716816139584,22.859788979577182,62.19543875923995,1007.584571699276,12.07443063460278,0.49999999999999994,0.8660254037844387,-0.6287628145958345,-0.7775971469736268,1,0,0,18.546156829047135,184.0,71.82961812432077,180.0,41.95741993380372,157.0,51.92058265419752,71.0,17.76235745682819,166.0,28.73038565493485,8.89042131561173,118.0,37.07788367420489,18.53675443407652,125.16666666666667,41.373012965750405,18.79134922704781,118.0,44.05961464020092,18.16805886636057,120.875,0.3859577987395417,14.217746055284408,-114.0,-36.88876945893253
2025-08-10 03:09:49.723802727,122,73.47799090820278,86.1458299890388,56.40376985368403,94.47432845498341,31.58328441413029,85.44250554644599,1018.5289884717943,2.285346001113755,0.7071067811865476,0.7071067811865476,-0.6287628145958345,-0.7775971469736268,1,0,0,34.940848665388245,70.0,32.704151470369176,100.0,25.29083060517835,104.0,58.63494531277932,138.0,40.75355513060391,149.0,42.32166546754606,28.199892576483915,125.33333333333333,45.109077058042296,22.436974432080692,128.16666666666666,42.60993343203569,20.44651225415972,116.66666666666667,45.42313279760088,19.11258726910073,119.75,0.8529488898604057,26.985549537293082,52.0,40.77383943783361
2025-08-10 04:10:26.087439090,67,29.049257456924472,102.7232403641664,40.10488266138427,97.93985668275282,26.38162938331495,44.166991987044256,1014.4319310150255,8.290091684072554,0.8660254037844386,0.5000000000000001,-0.6287628145958345,-0.7775971469736268,1,0,0,73.47799090820278,122.0,18.546156829047135,184.0,39.15569635092564,113.0,71.63274873106803,98.0,24.120344163477732,153.0,45.82269901017184,24.130666986552278,86.33333333333333,43.42467057570877,23.334698716372703,120.5,39.0613091591904,18.559765406082125,114.08333333333333,45.62850418482782,18.899017171429943,116.16666666666667,0.28279148001124027,11.651972135780428,-55.0,10.503100627877338
2025-08-10 05:11:02.451075454,181,55.338308437895364,52.560036418725936,33.418294158461165,99.67449936242633,16.27023659180003,75.59732453625514,1000.9618928792818,17.27036281225914,0.9659258262890683,0.25881904510252074,-0.6287628145958345,-0.7775971469736268,1,0,0,29.049257456924472,67.0,34.940848665388245,70.0,71.82961812432077,180.0,53.70478336936553,108.0,72.70345169714636,180.0,52.62185226767421,22.338586338771155,123.33333333333333,40.67611896130453,20.06144225587528,120.66666666666667,39.19743624823455,18.682516894824104,120.16666666666667,44.904956549025705,18.134327954780865,116.20833333333333,1.0528590000238394,12.299863559119606,114.0,20.39745977250712
2025-08-10 06:11:38.814711818,138,10.036426389672107,96.68321018287071,41.14112306750918,24.469692374188003,15.736437352719827,61.875945238412044,1015.6302896350282,18.459204635969698,1.0,6.123233995736766e-17,-0.6287628145958345,-0.7775971469736268,1,0,0,55.338308437895364,181.0,73.47799090820278,122.0,32.704151470369176,100.0,30.69435800863998,64.0,43.275915622747824,199.0,31.474664094830654,22.748122500487423,128.66666666666666,36.89816478118835,23.672381356400813,127.0,37.4759419466539,20.409223533484877,126.33333333333333,43.51997783098088,19.483285137793892,113.66666666666667,0.10380733394021001,9.737069358845938,-43.0,-63.441564518530676
2025-08-10 07:12:15.178348181,109,34.679819943391834,147.25607157575118,28.96200942728401,78.96284454328071,17.677042376012665,73.23096368348789,1016.5588177435499,9.314002446376264,0.9659258262890683,-0.25881904510252063,-0.6287628145958345,-0.7775971469736268,1,1,0,10.036426389672107,138.0,29.049257456924472,67.0,18.546156829047135,184.0,17.384598188118943,100.0,49.429290038346856,102.0,33.351518256986445,22.680132678301582,142.66666666666666,39.587108633579135,22.030208982714747,114.5,38.91721042625996,19.449537512396056,127.08333333333333,42.90541657702442,19.521367515321767,113.95833333333333,0.23550689174839912,12.945068482692598,-29.0,5.630562486467362
2025-08-10 08:12:51.541984545,63,31.334688071062033,83.27647988472916,45.15216241090002,63.67326161319912,15.273439296539946,33.74048175067449,1015.0100384953063,9.616739561781472,0.8660254037844387,-0.4999999999999998,-0.6287628145958345,-0.7775971469736268,1,1,0,34.679819943391834,109.0,55.338308437895364,181.0,34.940848665388245,70.0,41.95741993380372,157.0,58.68612604982893,51.0,25.350311468041998,13.36726538810233,103.33333333333333,38.986081867858104,22.230599872789714,113.33333333333333,38.031982771031494,19.540116867858977,119.25,41.76577332790913,19.357738871974277,114.45833333333333,0.3762729613230815,5.153331998549406,-46.0,-24.00362036683333
2025-08-10 09:13:27.905620909,58,21.52590972000592,137.792842403412,7.624387023040684,76.46651871029556,16.507181207049246,38.8643455143736,1015.9907426183903,18.369094498786023,0.7071067811865476,-0.7071067811865475,-0.6287628145958345,-0.7775971469736268,1,1,0,31.334688071062033,63.0,10.036426389672107,138.0,73.47799090820278,122.0,25.29083060517835,104.0,19.753201808411298,137.0,29.180139244819937,6.83651219736494,76.66666666666667,30.32740166982529,15.075325661986728,102.66666666666667,37.71823936393379,19.791894826950703,115.41666666666667,41.83963615755891,19.2732920454148,111.16666666666667,0.15621935935370138,6.415407938991366,-5.0,11.489483330333814
2025-08-10 10:14:04.269257272,139,47.38625935628094,76.47126751635572,36.132046577174194,97.4921555179308,28.834287943378243,37.987015715248695,1016.5026535338559,11.741364482731345,0.49999999999999994,-0.8660254037844387,-0.6287628145958345,-0.7775971469736268,1,0,0,21.52590972000592,58.0,34.679819943391834,109.0,29.049257456924472,67.0,39.15569635092564,113.0,52.30921654944721,87.0,33.4156190491163,13.055157070260261,86.66666666666667,33.38356865305136,16.55087461275921,114.66666666666667,38.40411961438007,19.987881002382426,117.58333333333333,41.63451294117698,19.18300673113231,113.33333333333333,0.6196609560118116,10.953285492431153,81.0,12.706439412889104
2025-08-10 11:14:40.632893636,102,43.93809799512882,65.51019300030784,13.725554620337007,75.04240081400312,25.68692550058926,71.22993032419987,1003.7280997357628,0.656933404868767,0.258819045102521,-0.9659258262890682,-0.6287628145958345,-0.7775971469736268,1,0,0,47.38625935628094,139.0,31.334688071062033,63.0,55.338308437895364,181.0,71.82961812432077,180.0,47.78887639111712,179.0,37.6167556904719,14.041329966462623,99.66666666666667,31.483533579256942,13.98130139263906,101.5,36.07982627028074,17.170805424289366,111.08333333333333,41.47406384134413,19.145360032011492,110.125,0.6707062719875682,18.29677913649886,-37.0,12.603409924066789
2025-08-10 12:15:16.996530000,179,58.470522302318926,103.86343706397344,11.609055629310319,86.9571099389899,29.998214989399436,80.66644035801772,1004.7138349213,18.254989257582576,1.2246467991473532e-16,-1.0,-0.6287628145958345,-0.7775971469736268,1,0,0,43.93809799512882,102.0,21.52590972000592,58.0,10.036426389672107,138.0,32.704151470369176,100.0,24.214285731433858,70.0,49.93162655124289,7.5932212979040745,140.0,39.55588289803141,13.074602522067556,108.33333333333333,38.22702383960988,18.28517717549191,117.66666666666667,42.901407031797675,19.079484658505272,114.66666666666667,0.5629557753162833,24.19849220289383,77.0,36.944612582313006
2025-08-10 13:15:53.360166363,133,28.858863365896504,106.96012775620295,23.803381669402086,89.34949642486731,33.26331504515286,74.97697392051523,1012.6751712744035,4.964528855143038,-0.2588190451025208,-0.9659258262890683,-0.6287628145958345,-0.7775971469736268,1,0,0,58.470522302318926,179.0,47.38625935628094,139.0,34.679819943391834,109.0,18.546156829047135,184.0,75.99974993905867,107.0,43.755827887781415,14.806670896449878,138.0,38.58572346844886,13.709333583881428,112.33333333333333,39.086416051014,17.50165704473815,113.41666666666667,40.937203424582584,17.914911606685255,115.75,0.26980954213018266,24.93982704650308,-46.0,-18.527395990384434
2025-08-10 14:16:29.723802727,141,27.088786557344193,132.3417834593474,10.048948619739303,87.0784611011188,26.70299064650944,31.82832916401565,1018.1573226092503,11.552639081830945,-0.4999999999999997,-0.8660254037844388,-0.6287628145958345,-0.7775971469736268,1,0,0,28.858863365896504,133.0,43.93809799512882,102.0,31.334688071062033,63.0,34.940848665388245,70.0,51.92058265419752,71.0,38.13939074185321,17.62950583180843,151.0,37.878073216162555,14.257114485737253,125.33333333333333,38.432077542010326,17.81472187503712,119.33333333333333,39.90254525388037,17.969980935408117,118.66666666666667,0.20468808598893645,8.499115759607335,8.0,-16.84931143778463
2025-08-10 15:17:06.087439090,160,21.78037295210514,49.92408487140219,10.178634354770807,54.087318003755286,29.52241688143696,82.0328988644834,1006.3239316459299,3.3102663485594763,-0.7071067811865471,-0.7071067811865479,-0.6287628145958345,-0.7775971469736268,1,0,0,27.088786557344193,141.0,58.470522302318926,179.0,21.52590972000592,58.0,73.47799090820278,122.0,58.63494531277932,138.0,25.90934095844862,3.6836904830752495,144.66666666666666,37.920483754845755,14.199003332352191,142.33333333333334,34.12394271233552,14.514414101741334,122.5,38.36693807218561,17.874053470602075,119.58333333333333,0.43626983993674895,24.218094382700357,19.0,-36.69014935021379
2025-08-10 16:17:42.451075454,57,25.313495370114914,84.8951393850178,22.12773201652118,37.80611340568244,30.141624040849116,51.248800247587525,1011.7661335159012,0.6775832049318997,-0.8660254037844385,-0.5000000000000004,-0.6287628145958345,-0.7775971469736268,1,0,0,21.78037295210514,160.0,28.858863365896504,133.0,47.38625935628094,139.0,29.049257456924472,67.0,71.63274873106803,98.0,24.72755162652142,2.702278909376954,119.33333333333333,34.24168975715141,14.115187387292629,128.66666666666666,33.81262920510139,14.67235787773676,121.66666666666667,36.436969182145894,16.579799916708218,117.875,0.2981736676011459,15.447220696073583,-103.0,-3.5453679957815893
2025-08-10 17:18:18.814711818,84,49.06714014121388,94.3605458971938,58.87307907418297,51.73212815634015,22.557010985515728,53.82982995024495,1013.6596412683426,6.229463422655148,-0.9659258262890683,-0.25881904510252063,-0.6287628145958345,-0.7775971469736268,1,0,1,25.313495370114914,57.0,27.088786557344193,141.0,43.93809799512882,102.0,55.338308437895364,181.0,53.70478336936553,108.0,32.05366948781131,14.839621836852963,100.33333333333333,35.09653011483226,14.95046292956835,125.66666666666667,33.290031847044595,13.928802350457737,113.58333333333333,36.24373404763958,16.395800439818018,116.875,0.5199963518086932,12.14240065536119,27.0,21.97835358386969
2025-08-10 18:18:55.178348181,130,38.26853197406285,119.91202185982017,14.643164843913619,91.35175270214214,19.821696646592635,36.292149991948854,1009.0389720259808,15.609914150921753,-1.0,-1.8369701987210297e-16,-0.6287628145958345,-0.7775971469736268,1,0,1,49.06714014121388,84.0,21.78037295210514,160.0,58.470522302318926,179.0,10.036426389672107,138.0,30.69435800863998,64.0,37.54972249513056,11.893125126649483,90.33333333333333,31.729531726789585,10.131927014993444,117.5,35.642707312410494,11.877255570293881,112.91666666666667,36.5593246295322,16.35718981882049,119.625,0.3191384071537149,7.193719877930494,46.0,16.488159021957713
2025-08-10 19:19:31.541984545,99,14.542457297628708,25.668490328076388,5.943860600746263,31.72838573536204,19.100906570130498,74.24431236562916,1014.2756490971066,5.551743452588362,-0.9659258262890684,0.2588190451025203,-0.6287628145958345,-0.7775971469736268,1,0,1,38.26853197406285,130.0,25.313495370114914,57.0,28.858863365896504,133.0,34.679819943391834,109.0,17.384598188118943,100.0,33.959376470968486,17.661116817034028,104.33333333333333,29.34346404874495,12.379617134595051,111.83333333333333,33.964593758596905,13.356176018163474,112.08333333333333,36.44090209242844,16.511605788127138,119.58333333333333,0.5665489689969453,14.181336738594668,-31.0,-10.771038072486206
2025-08-10 20:20:07.905620909,153,27.77407897540413,149.29156640365434,46.985043265215104,61.06609349539143,20.02884879023597,40.93703270855748,1017.9933489058435,4.401944281621941,-0.8660254037844386,0.5000000000000001,-0.6287628145958345,-0.7775971469736268,1,0,0,14.542457297628708,99.0,49.06714014121388,84.0,27.088786557344193,141.0,31.334688071062033,63.0,41.95741993380372,157.0,26.861689415698567,11.889322769587292,127.33333333333333,29.457679451754938,12.357796971663554,113.83333333333333,33.667876333958745,13.459067206312524,119.58333333333333,35.84992955249512,16.559329145168295,119.41666666666667,0.1860391679076462,8.199216380406419,54.0,-21.293061165809753
2025-08-10 21:20:44.269257272,181,27.281324398702083,81.09278681882259,49.38021373779287,38.65824579396222,20.494635940518176,63.83790552113018,1012.4820308836368,4.253615686824526,-0.7071067811865477,0.7071067811865474,-0.6287628145958345,-0.7775971469736268,1,0,0,27.77407897540413,153.0,38.26853197406285,130.0,21.78037295210514,160.0,21.52590972000592,58.0,25.29083060517835,104.0,23.19928689057831,7.501081636620196,144.33333333333334,30.374504692854426,11.8686798343823,117.33333333333333,34.147494223850096,13.084382374099663,129.83333333333334,35.93286679389194,16.50905300738197,122.625,0.33642109406392573,13.083346328607583,28.0,-10.98720757536077
2025-08-10 22:21:20.632893636,51,58.741299098785184,56.34284443357862,24.046737659917042,66.50443337814258,19.14455298016113,80.44259915267587,1010.7956212382927,10.303473648136253,-0.5000000000000004,0.8660254037844384,-0.6287628145958345,-0.7775971469736268,1,0,0,27.281324398702083,181.0,14.542457297628708,99.0,25.313495370114914,57.0,47.38625935628094,139.0,39.15569635092564,113.0,37.93223415763047,18.022862967966848,128.33333333333334,35.94580531429947,16.1068474312745,116.33333333333333,35.09374753572544,14.466441653514842,122.5,36.74893357505275,17.14703410996917,120.04166666666667,1.0425689126409856,15.40037601340268,-130.0,44.198841801156476
2025-08-10 23:21:56.996530000,183,59.858941294710945,134.85422289461366,30.557059711678626,89.05108175912031,32.564413349583845,35.352259722723375,1008.7748935077668,19.510826313655127,-0.25881904510252157,0.9659258262890681,-0.6287628145958345,-0.7775971469736268,1,0,0,58.741299098785184,51.0,27.77407897540413,153.0,49.06714014121388,84.0,43.93809799512882,102.0,71.82961812432077,180.0,48.62718826406607,18.49450483626197,138.33333333333334,37.744438839882314,18.31617219996208,132.83333333333334,36.420484477357284,16.00007611113687,129.25,36.25015537381901,16.23191331562215,120.16666666666667,0.44387887576654417,11.512255984526082,132.0,32.084862319306815
2025-08-11 00:22:33.360166363,103,20.36608509673799,117.2034406066638,40.73755254535199,90.42879749107334,30.139982643444576,62.12013384093141,1011.5497254181225,9.17977976034026,0.0,1.0,-0.6420547132365636,-0.7666588193001592,0,0,0,59.858941294710945,183.0,27.281324398702083,181.0,38.26853197406285,130.0,58.470522302318926,179.0,32.704151470369176,100.0,46.322108496744704,22.485520765056798,112.33333333333333,34.760697693661506,19.625121951906316,128.33333333333334,33.24511471022554,14.974434834312898,122.91666666666667,35.73606927491772,16.54153132053432,120.29166666666667,0.17376695443028733,18.722997557741266,-80.0,-6.9152393019640925
2025-08-11 01:23:09.723802727,155,79.84183395342593,143.8993401131139,7.643240830836855,38.9348154945663,15.937929355824398,43.992984692988074,1007.1072490363679,11.146107377800957,0.25881904510252074,0.9659258262890683,-0.6420547132365636,-0.7666588193001592,0,0,0,20.36608509673799,103.0,58.741299098785184,51.0,14.542457297628708,99.0,28.858863365896504,133.0,18.546156829047135,184.0,53.3556201149583,30.26650071103726,147.0,45.64392713629437,23.82683596825102,137.66666666666666,37.493695592519664,20.004500525202708,124.75,38.29005582176683,18.399656184255406,119.08333333333333,0.5548450280301509,7.01157082188708,52.0,21.10053485464075
2025-08-11 02:23:46.087439090,53,28.67467099926995,62.99753960716678,57.20301523752622,92.6154965078837,20.373449640506145,50.575611856695616,1007.82964220403,17.212640357814678,0.49999999999999994,0.8660254037844387,-0.6420547132365636,-0.7666588193001592,0,0,0,79.84183395342593,155.0,59.858941294710945,183.0,27.77407897540413,153.0,27.088786557344193,141.0,34.940848665388245,70.0,42.96086334981129,32.20889076673479,103.66666666666667,45.794025806938684,23.694216864774397,121.0,37.62585262934681,19.93462937350402,117.41666666666667,38.02896508567857,18.493466993181613,118.375,0.4551712768927973,10.303996812001735,-102.0,-31.184270295440996
2025-08-11 03:24:22.451075454,103,78.3630469082857,91.85944568861369,53.767421301392616,67.35109910570274,15.443694840606032,58.43819648583337,1010.6371495937635,10.701394378673172,0.7071067811865476,0.7071067811865476,-0.6420547132365636,-0.7666588193001592,0,0,0,28.67467099926995,53.0,20.36608509673799,103.0,27.281324398702083,181.0,21.78037295210514,160.0,73.47799090820278,122.0,62.29318395366053,29.123873587310015,103.66666666666667,54.30764622520261,24.86045128506952,108.0,42.341075459028524,22.386935691815225,112.66666666666667,38.23250908568202,18.922498449005236,117.58333333333333,0.8530755380437,9.025016735625863,50.0,57.996961811547706
2025-08-11 04:24:58.814711818,195,38.77259093227619,94.39802099220898,19.34914928379427,48.01745973602508,24.963303732917858,51.306258196758286,1001.3323822478163,3.689257428377122,0.8660254037844386,0.5000000000000001,-0.6420547132365636,-0.7666588193001592,0,0,0,78.3630469082857,103.0,79.84183395342593,155.0,58.741299098785184,51.0,25.313495370114914,57.0,29.049257456924472,67.0,48.603436279943956,26.262479230001013,117.0,50.97952819745112,25.47717660180406,132.0,43.4626667558753,21.785365772069703,124.16666666666667,38.637647980488346,18.821151458394326,122.91666666666667,0.4107352051876281,12.807737067651836,92.0,-41.069243021149745
2025-08-11 05:25:35.178348181,93,12.313551303038388,147.44310588308593,5.8417497159711615,76.65449564665599,24.52421393578028,68.92937041749457,1004.5805078184959,5.991918235329541,0.9659258262890683,0.25881904510252074,-0.6420547132365636,-0.7666588193001592,0,0,0,38.77259093227619,195.0,28.67467099926995,53.0,59.858941294710945,183.0,49.06714014121388,84.0,55.338308437895364,181.0,43.14972971453343,33.24159255159493,130.33333333333334,43.055296532172356,29.27417204750629,117.0,40.39986768602734,23.446093285568892,124.91666666666667,36.84494976653597,19.20635953549554,119.25,0.0835139164071084,16.904386265772814,-102.0,-16.36111969623156
2025-08-11 06:26:11.541984545,63,34.15498736186781,29.795013280796667,56.338996944371566,58.53335903712923,31.627429801250024,58.77492610525501,1010.8569862122682,6.198738525372218,1.0,6.123233995736766e-17,-0.6420547132365636,-0.7666588193001592,0,0,0,12.313551303038388,93.0,78.3630469082857,103.0,20.36608509673799,103.0,38.26853197406285,130.0,10.036426389672107,138.0,28.41370986572747,14.1330072875931,117.0,45.35344690969399,27.631908953794476,110.33333333333333,40.057072301677756,23.510071397268312,119.33333333333333,37.84988980704413,18.354763552306533,116.125,1.1463323037868525,18.588998494676105,-30.0,-44.208059546417886
2025-08-11 07:26:47.905620909,144,54.404594129095464,59.74061250733364,32.55719361533926,50.239007209780354,21.155544795420987,65.05196908285015,1008.6305628627289,7.946362309151958,0.9659258262890683,-0.25881904510252063,-0.6420547132365636,-0.7666588193001592,0,1,0,34.15498736186781,63.0,38.77259093227619,195.0,79.84183395342593,155.0,14.542457297628708,99.0,34.679819943391834,109.0,33.62437759800056,21.05053756053218,100.0,41.11390693897225,22.813347813430955,108.5,43.37891703763331,22.36555387712628,123.08333333333333,38.67175539811511,18.645942227244586,117.58333333333333,0.9106802045549276,13.762098459625774,81.0,15.632003196819277
2025-08-11 08:27:24.269257272,97,57.64938160883368,44.81843404954498,34.66575966200344,76.40674914373278,31.327714704261247,74.20934852369477,1006.6563157182496,8.535778106734988,0.8660254037844387,-0.4999999999999998,-0.6420547132365636,-0.7666588193001592,0,1,0,54.404594129095464,144.0,12.313551303038388,93.0,28.67467099926995,53.0,27.77407897540413,153.0,31.334688071062033,63.0,48.736321033265654,12.731599670687377,101.33333333333333,45.94302537389954,22.720075769792647,115.83333333333333,45.868525590419104,22.132155507958963,118.41666666666667,39.76820096218893,18.96667767438539,119.0,1.2862872508846996,23.248092989394003,-47.0,45.33583030579529
2025-08-11 09:28:00.632893636,64,47.165420832199544,54.90173139572039,42.61800731689776,39.897932354423034,34.35947530879646,63.46453595702624,1014.610982736186,15.995640441485389,0.7071067811865476,-0.7071067811865475,-0.6420547132365636,-0.7666588193001592,0,1,0,57.64938160883368,97.0,34.15498736186781,63.0,78.3630469082857,103.0,27.281324398702083,181.0,21.52590972000592,58.0,53.073132190042905,5.3673039379990515,101.66666666666667,40.74342102788518,16.548295121621788,109.33333333333333,47.525533626543904,21.344373674787676,108.66666666666667,40.83651392519699,18.61328239637652,119.25,0.8590880246226276,21.806081561996685,-33.0,13.010433470331733
2025-08-11 10:28:36.996530000,89,41.34482152011641,83.08638365592104,38.87181404144526,46.42020232152788,16.768164467312932,65.19212607964555,1013.8743521480668,6.98773998098666,0.49999999999999994,-0.8660254037844387,-0.6420547132365636,-0.7666588193001592,0,0,0,47.165420832199544,64.0,54.404594129095464,144.0,38.77259093227619,195.0,58.741299098785184,51.0,47.38625935628094,139.0,48.719874653716545,8.262682066621569,83.33333333333333,41.17212612585855,16.520321668064366,91.66666666666667,46.075827161654836,21.102764110765612,111.83333333333333,40.584787348690135,18.561632819131944,117.16666666666667,0.4976124751526306,10.931522920772972,25.0,-13.059772608979053
2025-08-11 11:29:13.360166363,131,48.702516234992956,68.4492927222264,56.91403825084164,54.75614755906171,30.83635678939266,63.86751255135847,1003.3346151998677,9.364636568827587,0.258819045102521,-0.9659258262890682,-0.6420547132365636,-0.7666588193001592,0,0,0,41.34482152011641,89.0,57.64938160883368,97.0,12.313551303038388,93.0,59.858941294710945,183.0,43.93809799512882,102.0,45.737586195769644,3.881101865588209,94.66666666666667,47.23695361451764,8.576733406954583,98.0,45.146125073345,20.681889954230357,107.5,40.78330477535115,18.624427516050027,118.375,0.7115123266666898,19.69441404284704,42.0,-8.946865373840723
2025-08-11 12:29:49.723802727,160,51.488770671557546,71.30989068523138,56.933837841884205,40.294573909851096,26.799117942752723,52.726357557077364,1017.5725823074688,12.499519741021047,1.2246467991473532e-16,-1.0,-0.6420547132365636,-0.7666588193001592,0,0,0,48.702516234992956,131.0,47.165420832199544,64.0,34.15498736186781,63.0,20.36608509673799,103.0,58.470522302318926,179.0,47.17870280888898,5.240842643596253,126.66666666666667,50.125917499465935,5.7387317928215955,114.16666666666667,47.739682204579964,19.189501395044033,112.25,40.49239845740275,18.389188940507434,117.58333333333333,0.7220424748200973,14.130198748638676,29.0,4.323349839358002
2025-08-11 13:30:26.087439090,102,15.659732843290067,129.74770829442048,52.695941345525206,52.41616694251337,24.6009193403695,50.24681003231508,1009.9084725280793,7.554518948803386,-0.2588190451025208,-0.9659258262890683,-0.6420547132365636,-0.7666588193001592,0,0,0,51.488770671557546,160.0,41.34482152011641,89.0,54.404594129095464,144.0,79.84183395342593,155.0,28.858863365896504,133.0,38.617006583280194,19.930331573407127,131.0,43.66844061849837,14.724686604427264,107.16666666666667,42.39117377873531,18.354843545147773,107.83333333333333,39.94243468562748,18.941322788655956,116.29166666666667,0.12069371342622602,12.361177207158523,-58.0,-25.685088676826346
2025-08-11 14:31:02.451075454,73,35.87581192429831,140.90218852540812,40.00219785953062,65.71784201640085,23.410715573301502,83.97884382870075,1014.8292182227809,16.73129626584666,-0.4999999999999997,-0.8660254037844388,-0.6420547132365636,-0.7666588193001592,0,0,0,15.659732843290067,102.0,48.702516234992956,131.0,57.64938160883368,97.0,28.67467099926995,53.0,27.088786557344193,141.0,34.341438479715315,17.963733307011562,111.66666666666667,40.03951233774247,13.19337414145609,103.16666666666667,42.991268855821005,17.979506565208276,109.5,40.30856074258391,18.766180610412817,113.45833333333333,0.2546150066591337,19.660048270484193,-29.0,-12.826704310694645
2025-08-11 15:31:38.814711818,173,26.95119567941981,29.154097010440708,49.05221120753198,79.27790887285346,30.69336527888619,66.45331333761436,1011.4630169851478,11.749072084681487,-0.7071067811865471,-0.7071067811865479,-0.6420547132365636,-0.7666588193001592,0,0,0,35.87581192429831,73.0,51.488770671557546,160.0,47.165420832199544,64.0,78.3630469082857,103.0,21.78037295210514,160.0,26.162246815669402,10.131105249902626,116.0,36.67047481227919,13.584907685895281,121.33333333333333,38.70694792008218,14.590612218317908,115.33333333333333,40.52401168955535,18.57290066331888,114.0,0.9244393590831728,20.39675820263677,100.0,-24.537574992137735
2025-08-11 16:32:15.178348181,90,66.21978294659272,47.15943328999683,42.244258831063995,81.37558824868574,27.78722713948485,44.66118932787927,1019.9538523184768,5.8808935844194306,-0.8660254037844385,-0.5000000000000004,-0.6420547132365636,-0.7666588193001592,0,0,0,26.95119567941981,173.0,15.659732843290067,102.0,41.34482152011641,89.0,38.77259093227619,195.0,25.313495370114914,57.0,43.01559685010361,20.584894536527532,112.0,40.8163017166919,18.28077347332387,121.5,40.994213921275225,16.61302437308253,106.58333333333333,42.22844033857526,18.988671340586183,115.375,1.4041683057389613,12.410106121733179,-83.0,50.56005010330265
2025-08-11 17:32:51.541984545,64,42.92104441122269,107.24865718712658,36.53518729195633,85.82322815013545,31.10089335038724,59.89486187093641,1015.0480624007764,14.281183995796564,-0.9659258262890683,-0.25881904510252063,-0.6420547132365636,-0.7666588193001592,0,0,1,66.21978294659272,90.0,35.87581192429831,73.0,48.702516234992956,131.0,12.313551303038388,93.0,49.06714014121388,84.0,45.364007679078405,19.74795023884663,109.0,39.85272307939686,17.930979078426912,110.33333333333333,43.54483834695725,13.944638640685238,104.16666666666667,41.97235301649229,18.93379730818671,114.54166666666667,0.4002012252342999,18.627837112841682,-26.0,7.045232486924377
2025-08-11 18:33:27.905620909,94,78.83961986263901,66.62408156850131,12.06751942786506,79.53693255546384,33.063021173532526,49.820908876854844,1014.1396092248692,10.552954602895717,-1.0,-1.8369701987210297e-16,-0.6420547132365636,-0.7666588193001592,0,0,1,42.92104441122269,64.0,26.95119567941981,173.0,51.488770671557546,160.0,34.15498736186781,63.0,38.26853197406285,130.0,62.6601490734848,18.221944479053406,82.66666666666667,44.41119794457709,23.94787010235435,99.33333333333333,47.26855772202151,16.868856953028146,106.75,43.66281501184963,20.34713188193231,113.04166666666667,1.1833501764407484,16.47229765080086,30.0,51.8884241832192
2025-08-11 19:34:04.269257272,114,37.917710971118716,53.04127437906604,49.61622972048016,74.48315416775273,27.34527424194584,86.02150942559248,1015.571438781015,10.689117825144939,-0.9659258262890684,0.2588190451025203,-0.6420547132365636,-0.7666588193001592,0,0,1,78.83961986263901,94.0,66.21978294659272,90.0,15.659732843290067,102.0,54.404594129095464,144.0,14.542457297628708,99.0,53.226125081660136,22.322559722165373,90.66666666666667,48.12086096588188,20.00225707969137,101.33333333333333,45.89465079219011,16.90617305293249,104.25,44.63678391491172,19.431459320807623,113.66666666666667,0.7148717805168731,23.522817659489554,20.0,-28.302071975474
2025-08-11 20:34:40.632893636,138,67.15023112535687,58.38777649446204,50.13517116591754,39.00051770339759,34.60925450184756,30.452061788044485,1002.8625597109694,9.621758967751719,-0.8660254037844386,0.5000000000000001,-0.6420547132365636,-0.7666588193001592,0,0,0,37.917710971118716,114.0,42.92104441122269,64.0,35.87581192429831,73.0,57.64938160883368,97.0,27.77407897540413,153.0,61.302520653038194,21.078364385253455,115.33333333333333,53.33326416605829,20.246541735904383,112.16666666666667,46.68638825190038,17.71006231835286,107.66666666666667,46.27745692115975,19.607316910909088,113.04166666666667,1.1500734230160745,10.539231565284185,24.0,24.22918671413418
2025-08-11 21:35:16.996530000,120,65.88415874891858,61.931599351018065,39.4266818555865,52.01783142976198,27.161756990837702,43.51996786275169,1004.0908918633893,9.940238976424979,-0.7071067811865477,0.7071067811865474,-0.6420547132365636,-0.7666588193001592,0,0,0,67.15023112535687,138.0,78.83961986263901,94.0,26.95119567941981,173.0,47.165420832199544,64.0,27.281324398702083,181.0,56.98403361513139,16.524050023822486,124.0,59.82209134430809,15.86502070354664,103.33333333333333,48.24628307829364,18.560062298900277,112.33333333333333,47.88590835241877,19.564560995554203,110.5,1.0638213509016088,11.82078791337128,-18.0,-12.955461113720432
2025-08-11 22:35:53.360166363,58,20.550228077580062,130.32707334020768,50.123476407419744,58.21719127041821,27.732886432445653,51.92140918044346,1014.2812816444723,15.307125621324813,-0.5000000000000004,0.8660254037844384,-0.6420547132365636,-0.7666588193001592,0,0,0,65.88415874891858,120.0,37.917710971118716,114.0,66.21978294659272,90.0,41.34482152011641,89.0,58.741299098785184,51.0,51.1948726506185,26.54658952806341,105.33333333333333,52.21049886613932,21.96463136909047,98.0,46.513400291415614,20.164419013915914,109.75,46.294613726535225,20.186504038245804,110.79166666666667,0.15768195658206408,14.399305442137797,-62.0,-17.367482893538654
2025-08-11 23:36:29.723802727,137,45.57391437185031,37.76077308746375,40.831662452178335,26.631305735468338,26.096312170844513,59.26858804852428,1009.8796297426172,2.0596295866263103,-0.25881904510252157,0.9659258262890681,-0.6420547132365636,-0.7666588193001592,0,0,0,20.550228077580062,58.0,67.15023112535687,138.0,42.92104441122269,64.0,48.702516234992956,131.0,59.858941294710945,183.0,44.00276706611631,22.707767292727578,105.0,52.65264385957726,21.766040027569087,110.16666666666667,46.25268346948706,20.1537645071366,110.25,45.69940427141603,19.97869472133685,108.875,1.2069115497020613,15.466915756394737,79.0,-21.57631675350656
2025-08-12 00:37:06.087439090,178,58.70689647536173,112.15842959831542,16.367639793220995,62.26960970377674,16.820041821026606,81.04905107016877,1015.0927058372023,6.6872562262096436,0.0,1.0,-0.655156357209085,-0.7554933140726804,0,0,0,45.57391437185031,137.0,65.88415874891858,120.0,78.83961986263901,94.0,51.488770671557546,160.0,20.36608509673799,103.0,41.610346308264035,19.384665064183558,124.33333333333333,49.29718996169771,18.17770243894827,124.16666666666667,46.854193953137404,20.430070297491802,111.75,47.29693807885869,19.389123614430183,112.0,0.5234282983649692,13.6324842855476,41.0,-7.177262273556849
2025-08-12 01:37:42.451075454,185,70.0851163369604,91.866596998028,20.06786200266236,54.906866528524475,29.527940653004563,35.27325747240863,1002.0583206148829,1.5100672760777845,0.25881904510252074,0.9659258262890683,-0.655156357209085,-0.7554933140726804,0,0,0,58.70689647536173,178.0,20.550228077580062,58.0,37.917710971118716,114.0,15.659732843290067,102.0,79.84183395342593,155.0,58.121975728057485,12.266065165898743,166.66666666666666,54.658424189337985,18.88032137448572,136.0,51.389642577609926,18.855920980211295,118.66666666666667,46.89040817817261,18.769472274568148,113.25,0.7629009657946062,10.41546653283432,7.0,49.53488825938034
2025-08-12 02:38:18.814711818,112,32.81712336413193,58.5463186742138,16.802401583960577,84.16873992213873,25.94892613798223,78.35189320446861,1010.7296270296919,15.064924414949017,0.49999999999999994,0.8660254037844387,-0.655156357209085,-0.7554933140726804,0,0,0,70.0851163369604,185.0,45.57391437185031,137.0,67.15023112535687,138.0,35.87581192429831,73.0,28.67467099926995,53.0,53.86971205881802,19.099073010631646,158.33333333333334,48.936239562467165,19.528796562029672,131.66666666666666,51.13475186426273,19.103743596045796,121.91666666666667,47.063010360041865,18.613074327148297,115.70833333333333,0.5605326440115405,20.33147489533828,-73.0,-12.756791007718377
2025-08-12 03:38:55.178348181,188,25.41687332958838,74.57151133801594,25.749249577538674,98.23205350034166,24.01820894832209,33.33920936141852,1007.5764313111383,5.446037094405989,0.7071067811865476,0.7071067811865476,-0.655156357209085,-0.7554933140726804,0,0,0,32.81712336413193,112.0,58.70689647536173,178.0,65.88415874891858,120.0,26.95119567941981,173.0,78.3630469082857,103.0,42.77303767689357,23.940617278877728,161.66666666666666,42.1916919925788,19.492893923256137,143.0,51.006891668443444,19.284595644854086,123.16666666666667,44.856919794262815,17.864622840390798,119.25,0.3408389146565701,8.007480966144058,76.0,-33.29002314577335
2025-08-12 04:39:31.541984545,130,59.78046727066125,53.306902667279545,7.142972277062849,64.48040309140677,33.209425568065456,80.5388421178909,1009.1400043856336,17.948608196377684,0.8660254037844386,0.5000000000000001,-0.655156357209085,-0.7554933140726804,0,0,0,25.41687332958838,188.0,70.0851163369604,185.0,20.550228077580062,58.0,66.21978294659272,90.0,38.77259093227619,195.0,39.338154654793854,18.08610057356419,143.33333333333334,48.730065191425666,17.23005907355443,155.0,50.47028202878249,18.90872835968351,126.5,45.732247975028855,18.067065469569044,116.54166666666667,1.1214394976640758,26.746486826522727,-58.0,-10.304649066299149
2025-08-12 05:40:07.905620909,185,66.66507322978008,99.49678241253847,39.00396363858411,45.81491106220669,20.95918903083901,33.09812867247077,1012.0791574414502,10.531569333185875,0.9659258262890683,0.25881904510252074,-0.655156357209085,-0.7554933140726804,0,0,0,59.78046727066125,130.0,32.81712336413193,112.0,45.57391437185031,137.0,42.92104441122269,64.0,12.313551303038388,93.0,50.620804610009905,22.09701481635566,167.66666666666666,52.24525833441396,18.55768523677312,163.0,52.44895109699561,19.285507483936748,136.58333333333334,47.996894721976425,17.07517973200634,120.375,0.6700223961348586,6.9370993541334744,55.0,33.84794986564815
2025-08-12 06:40:44.269257272,82,34.406619110421055,30.60724345203125,23.510481818879956,23.47206266385382,25.472045520300224,31.094548885701663,1010.0457669492506,16.014995429722422,1.0,6.123233995736766e-17,-0.655156357209085,-0.7554933140726804,0,0,0,66.66507322978008,185.0,25.41687332958838,188.0,58.70689647536173,178.0,78.83961986263901,94.0,34.15498736186781,63.0,53.61738653695412,16.989397830421826,132.33333333333334,48.195212106923854,19.493514008336835,147.0,48.74620103431078,17.97921233318204,135.58333333333334,48.00737937816615,17.066385852856307,121.16666666666667,1.1241331824021048,7.920417646497933,-103.0,8.989745780832674
2025-08-12 07:41:20.632893636,172,16.732358576399452,20.67403216061828,41.06474494594082,93.97146641788768,28.952837429869266,71.8176877419853,1010.7972127422568,19.578628712319222,0.9659258262890683,-0.25881904510252063,-0.655156357209085,-0.7554933140726804,0,1,0,34.406619110421055,82.0,59.78046727066125,130.0,70.0851163369604,185.0,37.917710971118716,114.0,54.404594129095464,144.0,39.26801697220019,25.31884456372103,146.33333333333334,39.30308581349702,19.678969622110134,144.83333333333334,46.98075500141751,20.05900648511493,140.41666666666666,46.43770289680381,18.150439505088556,122.33333333333333,0.8093417692815121,20.793258377828153,90.0,-43.0481086942618
2025-08-12 08:41:56.996530000,54,75.83662851427228,101.62627394332269,26.19681415310608,93.52925722229276,30.929435513477546,89.83533208610366,1009.7271496399121,16.79577718913141,0.8660254037844387,-0.4999999999999998,-0.655156357209085,-0.7554933140726804,0,1,0,16.732358576399452,172.0,66.66507322978008,185.0,32.81712336413193,112.0,67.15023112535687,138.0,57.64938160883368,97.0,42.32520206703093,30.337380378878606,102.66666666666667,46.473003338520414,24.168140004645107,135.16666666666666,47.70462145049379,20.988237030886104,133.41666666666666,47.19550485119709,18.998738177677815,120.54166666666667,0.7462305250936987,27.785561105889837,-118.0,9.1715552844922
2025-08-12 09:42:33.360166363,90,37.83004147612657,45.25561395656549,42.48875179350343,40.23921343913929,24.186936158923448,83.79661577844125,1008.1791035417099,17.33987520023047,0.7071067811865476,-0.7071067811865475,-0.655156357209085,-0.7554933140726804,0,1,0,75.83662851427228,54.0,34.406619110421055,82.0,25.41687332958838,188.0,65.88415874891858,120.0,47.165420832199544,64.0,43.46634285559943,29.952539143658928,105.33333333333333,48.54186469627678,22.477339750587376,118.83333333333333,45.36677834442779,20.331329739935043,130.91666666666666,46.806530711360715,19.09470331968644,121.625,0.8359192889641277,20.267833961669957,36.0,3.4234223657055125
2025-08-12 10:43:09.723802727,77,46.242594536923605,29.222319209990594,23.7343513205332,75.6328898485318,31.841828300374193,64.55990506833959,1015.4376396119649,8.159689907296894,0.49999999999999994,-0.8660254037844387,-0.655156357209085,-0.7554933140726804,0,0,0,37.83004147612657,90.0,16.732358576399452,172.0,59.78046727066125,130.0,20.550228077580062,58.0,41.34482152011641,89.0,53.30308817577415,19.962792700176585,73.66666666666667,46.28555257398717,21.792607922863485,110.0,47.50780888270642,18.77350745695452,132.5,47.01060458706102,19.059934338970226,121.125,1.5824408946526456,20.557054122745267,-13.0,29.510235960524152
2025-08-12 11:43:46.087439090,184,68.63970741351295,71.58189753780549,19.338199052974673,26.03476376718154,30.378354826307948,85.0437367851319,1000.2440614463609,11.034451905186796,0.258819045102521,-0.9659258262890682,-0.655156357209085,-0.7554933140726804,0,0,0,46.242594536923605,77.0,75.83662851427228,54.0,66.66507322978008,185.0,45.57391437185031,137.0,48.702516234992956,131.0,50.904114475521034,15.925018207110254,117.0,46.61465827127598,22.173508127799433,109.83333333333333,49.42995830284497,19.714719215985696,136.41666666666666,47.84132088616602,19.564673805342153,123.33333333333333,0.9588975539292433,25.834888118138743,107.0,-7.196921100759326
2025-08-12 12:44:22.451075454,121,57.29830819274965,26.599909035121602,32.28205998613734,33.297234552740235,16.324719557037316,30.318000383856326,1011.9688540241045,5.077771280866086,1.2246467991473532e-16,-1.0,-0.655156357209085,-0.7554933140726804,0,0,0,68.63970741351295,184.0,37.83004147612657,90.0,34.406619110421055,82.0,58.70689647536173,178.0,51.488770671557546,160.0,57.3935367143954,11.198860105170198,127.33333333333333,50.42993978499742,21.61521792990257,116.33333333333333,49.31257594596064,19.6585759591017,131.66666666666666,48.08338494954902,19.647527827935313,121.70833333333333,2.154079021962666,4.949328537966042,-63.0,19.468266716623084
2025-08-12 13:44:58.814711818,61,61.46512834685405,135.26022936358578,43.108969728056664,37.3447285269193,15.917225328092659,88.50402977670855,1011.3101669464595,3.922261993869056,-0.2588190451025208,-0.9659258262890683,-0.655156357209085,-0.7554933140726804,0,0,0,57.29830819274965,121.0,46.242594536923605,77.0,16.732358576399452,172.0,70.0851163369604,185.0,15.659732843290067,102.0,62.46771465103888,5.736786430065827,122.0,57.88540141340652,14.062952673713303,97.83333333333333,48.59424361345177,18.976180704957216,121.33333333333333,49.99194309553085,18.555367937682323,120.0,0.45442128984722957,14.087385844000922,-60.0,15.222533809930447
2025-08-12 14:45:35.178348181,82,24.635013451639956,23.59018034358161,24.158513244925857,43.55951574715439,27.416113688441826,59.444926755527064,1014.323581494659,10.110157582120676,-0.4999999999999997,-0.8660254037844388,-0.655156357209085,-0.7554933140726804,0,0,0,61.46512834685405,61.0,68.63970741351295,184.0,75.83662851427228,54.0,32.81712336413193,112.0,35.87581192429831,73.0,47.79948333041455,20.168914103705596,88.0,49.3517989029678,16.341607655672302,102.5,47.91240112074411,19.726765509157,118.83333333333333,49.523576492503416,19.062121022421863,120.375,1.0442909739794188,16.29748870130627,21.0,-44.004693961872995
2025-08-12 15:46:11.541984545,97,47.90135816792961,95.25243641598263,56.5156483520639,99.66651000234965,21.948268164508285,73.37376579730653,1011.9805872955466,11.900979594008412,-0.7071067811865471,-0.7071067811865479,-0.655156357209085,-0.7554933140726804,0,0,0,24.635013451639956,82.0,57.29830819274965,121.0,37.83004147612657,90.0,25.41687332958838,188.0,26.95119567941981,173.0,44.66716665547454,18.626844522170018,80.0,51.03035168493497,15.412257143789331,103.66666666666667,49.78610819060588,18.42039399718366,111.25,50.39649992952466,18.453483069323514,117.20833333333333,0.5028885293374354,16.1042708795911,15.0,-9.396950024820043
2025-08-12 16:46:47.905620909,111,58.70490795415575,77.00163599235131,7.155247967160544,75.75400446910518,19.182615821570284,79.25168838920115,1016.5359765561816,6.7854249179238195,-0.8660254037844385,-0.5000000000000004,-0.655156357209085,-0.7554933140726804,0,0,0,47.90135816792961,97.0,61.46512834685405,61.0,46.242594536923605,77.0,59.78046727066125,130.0,66.21978294659272,90.0,43.74709319124177,17.410711242667272,96.66666666666667,53.10740392114033,15.477594585729234,109.33333333333333,49.69647824756375,18.369889984842075,109.66666666666667,50.08338013817312,18.23579156534881,118.08333333333333,0.7623851939665517,15.20254691580848,14.0,-2.760220392698301
2025-08-12 17:47:24.269257272,86,25.998501525810976,107.36339758837592,27.98703174435683,50.73614651033759,26.59299868943477,73.10743625019322,1019.1814958912805,11.388870355270006,-0.9659258262890683,-0.25881904510252063,-0.655156357209085,-0.7554933140726804,0,0,1,58.70490795415575,111.0,24.635013451639956,82.0,68.63970741351295,184.0,66.66507322978008,185.0,42.92104441122269,64.0,44.20158921596544,16.664137334031327,98.0,46.00053627319,16.66357945645772,93.0,46.30759727223299,18.703009365199026,101.41666666666667,49.3782741846143,18.841864005119124,119.0,0.24215423382308798,19.44145956389324,-25.0,1.3634880741710198
2025-08-12 18:48:00.632893636,148,22.246844896715533,62.65984677171515,58.21693033361361,78.96805646744154,21.8312642091309,62.102203922694635,1006.8504851435708,17.74920965027006,-1.0,-1.8369701987210297e-16,-0.655156357209085,-0.7554933140726804,0,0,1,25.998501525810976,86.0,47.90135816792961,97.0,57.29830819274965,121.0,34.406619110421055,82.0,78.83961986263901,94.0,35.650084792227425,20.053986764144902,115.0,40.15862572385098,18.001139363784368,97.5,45.29428275442421,19.708772851393235,106.91666666666667,47.020241894367494,18.533237212933848,121.25,0.3550414769242039,13.55769621805672,62.0,-25.654513271214075
2025-08-12 19:48:36.996530000,153,78.75178403306049,40.15541017460674,35.1384535786448,93.22034733352851,25.745268334281402,58.597169047584714,1004.5470196605997,11.134431695667322,-0.9659258262890684,0.2588190451025203,-0.655156357209085,-0.7554933140726804,0,0,1,22.246844896715533,148.0,58.70490795415575,111.0,61.46512834685405,61.0,16.732358576399452,172.0,37.917710971118716,114.0,42.332376818529006,31.595864417025528,129.0,43.03973500488538,22.82921445031357,112.83333333333333,50.46256820914595,19.669727051179247,105.33333333333333,48.721661605281724,19.509884982943348,122.875,1.9611748885007336,15.08599840759317,5.0,20.046876078904738
